provider,model,n_runs,mean_run_accuracy,std_run_accuracy,rse_std_dev,min_accuracy,max_accuracy,range_accuracy,t_ci_lower,t_ci_upper,total_pooled_accuracy,pooled_ci_lower,pooled_ci_upper
AMD MI300X,glm_4_6,8,0.9256578947368421,0.011482759128363614,0.2672612419124244,0.9087719298245615,0.9403508771929825,0.03157894736842104,0.9160580678674956,0.9352577216061887,0.9256578947368421,0.9176804673127701,0.9329187559571628
AMD MI300X,deepseek_v3_1,8,0.9219298245614035,0.011637279966159294,0.2672612419124244,0.9035087719298246,0.9350877192982456,0.03157894736842104,0.912200815038832,0.931658834083975,0.9219298245614035,0.9137830921796201,0.9293662666927914
